;0;1;2;3;4;5;6;7;8;9;10;11;12;13;14;15;16;17;18;19;20;21;22;23;24;25;26;27;28;29;30;31;32;33;34;35;36;37;38;39;40;41;42;43;44;45;46;47;48;49
0;218.07757268861522;395.3966863108604;349.55546961874774;201.50229242437354;273.26240662310494;357.9856262036014;218.2646004795466;329.28447588401855;369.0420553697451;200.09437481742606;107.02229153911604;445.7891187097317;470.5550532282507;305.2600801835097;106.32683440356998;267.8521562228569;514.2038579744361;483.19323938834685;177.03109655866203;280.0781136540836;227.30178314938323;465.5134597811684;322.3871763533889;14.401396752875527;306.46894177644367;388.5138930739483;444.44763772459936;103.48612230445757;443.7507971949034;406.68332780666736;327.6854962077316;187.99801387756574;368.98872613217634;311.3356520349279;289.8906041928456;442.4823367323554;237.38272367566026;220.21723955105452;341.09939681471496;522.3373254162188;316.93915065892656;308.71268187962926;424.68767286289574;376.9597526230725;509.2476079146181;146.16668661431183;418.21557003293657;473.6986865249814;248.6794361464192;378.5563075947047
1;294.3789055958051;68.81062390189416;178.11173948972703;339.5272521320617;289.52540505045187;177.81685252006898;328.39225422208926;172.7783248274292;175.82705782140172;305.81845918832585;410.7309288779662;72.16256407338948;76.9526133857841;214.45055198085615;427.43750742103964;259.1630829498047;21.933899738079184;20.77886610376559;350.03885169084333;245.6803853902554;269.5363209068746;29.543215838575428;172.66865185597166;446.0919783773241;213.32431249825146;136.65988010259613;98.43106266183294;415.04124610531153;76.00738127491888;83.56409718663967;165.5897386176448;280.78029898631604;181.59645264242374;160.59080922061398;212.38709214090719;53.806700662840505;295.72571314289377;282.7618976406498;177.97651249091973;35.49328590315598;191.31217142074976;193.5283516289821;111.50363754023891;110.12095192669706;77.48699775390287;357.54400763052354;92.63873467173265;47.18814237199034;260.67935921374493;145.27122928514297
2;77.09171001289675;219.51375786065162;138.7702686040866;22.096060062758042;99.1722025557471;141.6052114994196;10.017828614028934;131.74269703543342;157.877866052658;17.267142438984187;141.20587006883008;265.12704065235306;236.8981355618368;128.7898209474335;111.28362220749266;46.85091914742319;292.51276161486834;246.91268193090377;38.33503110923122;100.89004837284116;27.2536677742396;247.10668862221758;113.78773538618044;184.0065037768177;86.00766674009047;169.80398739476206;189.43263411897817;118.78042825444851;267.7497641778609;208.82887148856517;118.43608189985169;15.319818413639387;143.13543206619178;155.9077322738435;108.506234816559;258.21049876762453;3.391363296788604;15.099486082191644;130.48058544507828;280.62204322707225;111.93151523258945;108.18234929452815;195.7871626138166;183.44587197476827;226.30250996937193;66.89806684018113;205.4464533820266;242.38922224727753;46.28562498791387;137.84983459784488
3;302.4872724919604;77.65172852924867;185.90520683791158;293.0700790032994;255.50796321034653;168.7054822863869;326.8553422374957;164.55283973586648;157.8547417261312;334.19791896299165;367.59063085024195;72.96469507833271;65.32796076418548;191.5258843213923;429.0503260182839;242.2865796775134;4.96926940039179;21.49640599672755;357.41805495008845;231.42401139488896;253.39961419798612;21.641213845219692;183.3779763758995;523.7373448651045;210.7011164027688;167.7054953854553;95.41011201063446;426.0218613592831;94.96101644687512;88.18308174547033;184.09009384146748;323.34709579594556;161.82111610326342;168.98484389509068;189.7120866402708;42.91273276507633;299.04773756932946;297.3454674122415;154.2509525107582;21.099194172147225;215.53233182054734;191.37733694118958;94.55385377931877;105.61662368455231;99.40159937369357;350.6430337898058;92.12168319702806;37.222221341648655;252.3298196841245;148.27103429877445
4;117.85441863069632;354.79639288020473;286.3407775232743;111.8834400030635;164.14615173348636;238.9501783957309;121.07024460272994;235.76952198939622;259.6561158033768;134.42235692119286;35.910842004292846;423.88045944169966;313.4810456071464;236.91976379445214;36.153204383563796;172.2633831877351;439.7449956926772;412.20294629549505;91.4298781890111;205.96832237267;170.6089135222971;388.8490304324633;245.55802076225933;73.6333163311806;215.01005305809167;263.77248989803905;297.9766020578275;40.81271972770911;392.2353917781377;307.7432238163999;265.96815280430286;124.55668823314306;251.15179016086032;242.51669125787132;196.0949546577607;382.59106874536604;135.89644459910062;155.8621881709012;258.93907690525225;394.5373635472442;229.26369300734925;218.53495229132574;326.1465592868511;319.8438266900394;364.781631941562;71.95665322864444;321.41425925752833;346.5844231614122;187.6105526967849;274.9091664689488
5;94.13254604851473;346.36450820068933;263.8413100270127;111.272524228269;153.41037318990445;244.47313116098712;130.15354325445833;237.88242041864234;244.47712389531648;121.39190228301155;6.138244322921007;397.7285512735058;319.99723647167446;177.43989975320352;76.6366012992813;181.80825625613062;403.0245036351797;383.86081435742295;99.09961516007735;180.62143467965487;165.34876729180434;371.12198749881645;236.2248452393962;85.38396588853712;225.09342798027998;271.8211576625312;298.6939040831307;6.884217274687785;384.06783851603547;313.8578259670378;240.7208181189608;131.9573216629003;262.29355375554707;267.13344230164125;180.2468716987226;381.8503542938254;135.1006866781336;146.16152308116506;247.1314890538272;387.9624255998857;234.16968470671816;190.8321901448921;286.991744178864;287.4842433737898;381.11357568083224;67.73633828992463;324.2875356187312;360.1046312118527;181.7577091867572;257.65295183330375
6;273.4247067436023;14.080219505205092;108.19882982649013;272.7740114442157;213.24607563448754;141.84553794612452;254.2637579014219;118.12838892318004;126.92171187928884;264.95557946869593;329.4925997125221;54.27706144078312;22.986357033721635;176.57977520432786;372.40504873000276;186.7171288348737;60.382321991654614;42.47317960338711;270.08909826838357;199.04769222823163;219.29852119094525;48.96305036910799;127.5431895627421;470.9141120216919;143.12095381591325;84.00783974706533;34.30494964803027;340.45080448586083;72.00682278527665;45.66701525565028;126.26384146900854;240.29158357316692;116.36797289845217;117.79167796202329;146.75578170901622;37.41948856195915;222.3305760910781;208.6623651646128;119.86213815287988;57.73694561036318;139.90084672121068;146.13673291976812;44.04608642873859;49.471531069580955;48.56135239443558;281.88871843681915;28.803628576954967;41.51427417181378;201.1121702362514;80.88090522846464
7;257.4271884751374;24.705230429402725;115.28807991313008;264.2425988972695;218.7573643436693;156.26560497931467;256.8013034856454;138.03604062066617;128.0835802670295;244.13406674485512;360.0345837548353;35.553932949665466;44.47369400822941;183.84405936526684;343.6658022483261;191.2124108130918;54.57664953971031;40.18136551223236;271.91404717287406;229.87087848031283;235.28021371936313;48.056954297783186;118.19134694137462;445.17133554311505;180.70227200337396;101.0321615163078;49.629782779806014;375.54510113007257;46.60104366587183;69.18937999113251;131.35384249025603;248.61105492224308;143.5039296897538;135.84516121283818;175.457839086362;49.543120930499285;242.9737020747126;215.75738972347952;126.62124046474177;65.64092468365104;137.0395656633588;160.60870271967033;65.18917442601457;65.15455315576594;32.094686571537665;298.6650933181815;50.42177664491175;54.053284823083736;206.52117295111637;92.75405187733243
8;136.75602552505688;123.79169423340336;42.787640539679096;114.86058791974392;131.738543728308;82.4679704773749;99.81942378159317;43.13205109678104;78.83430710839701;100.79514959540883;212.61856990520172;178.08231950547975;123.7813544200885;83.78171534037014;223.82259311331998;56.73504003799523;183.79176838578763;177.6084533113071;133.4941367222445;98.93634259886082;75.37772460774904;189.15071853224754;27.8747393118223;273.10506777286406;19.086122351893398;62.573615064866914;99.32545664372306;217.64094757886042;156.0945404076632;103.89236555193554;28.129605663197996;121.89199869590314;62.83655723178821;59.14306157323577;55.74481821472078;157.15184435606375;101.52912668088585;89.22434539669328;32.91649701581228;192.59148457695775;44.820217950714074;58.74573589458583;91.57216086508876;91.80902034904153;144.84026755544673;148.67600102281176;107.63249785887646;147.85895549620673;59.358598845862325;58.78830496588217
9;244.32554683822906;61.95110255563282;97.27941017687836;228.63643929276327;261.22808556814886;170.24874555670667;216.45488555082116;137.19687365140598;149.4456801644044;213.37704751480138;338.3052520536141;53.09077154597603;90.72531415230571;206.53591135668785;338.9998654813292;177.08966713097064;118.66774991382857;106.40413326297265;274.67607234144873;221.71189138006645;205.8427364950514;113.43738202601348;106.50775528006514;455.6791414700491;142.69446453521167;66.22244426916963;85.64030731186355;356.09146934274776;44.98300033965767;101.47999016992242;127.17362998021179;226.05580868786697;146.5323399172707;150.05925481686546;171.22891086996597;101.15275743424758;223.25074876782892;197.56376903288978;123.21622204139031;128.76304112793582;100.10866145096303;148.80466477047054;102.49894036004241;93.17456288859094;38.85428609810617;269.6126335130867;78.02069278150458;112.33842519744134;163.37785153304912;83.95636958404609
10;279.9040429766172;46.43142964418771;105.10478248746143;263.8087483392281;226.87383599965509;154.32479005218673;219.2867095526011;126.69741493927636;140.14335116517933;213.89003911109637;382.4497511719246;41.194862079204924;69.78200095769606;194.57050755555454;300.9016677854507;196.86498472892012;105.59260487570921;80.90394252373432;257.0512241327115;200.4047264802665;202.72059800184775;89.87485779817226;111.72528325691573;467.2320685192401;134.58829085995117;66.20916752234852;67.32353711393901;364.7143546139198;37.047150305900324;82.85223330958138;114.56001057473185;226.48809172445053;131.23142522141828;145.72330417325531;150.3186998640164;90.36435066397298;224.08155953443685;230.1792658589577;114.5780205619283;102.09715944127942;116.81068978122565;146.98365309645112;74.8295630337993;82.22884756399732;20.98556439766448;287.50409447981355;63.862857292550565;103.83452880407262;177.99913936129713;85.66067698276674
11;265.84785634068015;98.41277822076205;78.94041963744084;213.89289428555463;249.67235361484921;169.19486407533526;223.33861715721048;126.05053549590903;171.85316567093878;195.3284948086902;337.8279117462803;86.81185042104073;119.57446253319434;198.7500429555224;310.3408533963279;174.06519050581565;165.53220789186162;132.72126662639258;222.2718349578138;198.84061221204027;165.90695328073133;149.22471768895747;97.1869907528315;417.8400683630363;121.205272603293;60.916523629853515;103.05817827847021;314.32515436190215;82.75288808347581;123.2761283133949;129.24000181055257;218.21337966065366;136.5621135824264;150.73006347686703;173.67780129173576;146.54341304062973;222.96534349847227;183.23484192680255;116.59642714992027;156.40552189699335;94.72861401301819;171.0437869169146;111.77368563128547;111.84850954578555;66.04195798874885;264.0681833409287;109.13235532361729;145.08358837763444;171.43956248777243;87.9964394941887
12;91.0760768187354;274.15062977720237;169.26185126760006;42.042742661702945;148.77585779958784;207.31671074432245;61.83547323622504;175.85349970466865;218.0410027241408;48.69503762497179;90.64449574737858;335.94318066632167;290.39630509242784;170.8967761777972;48.697632900587486;119.2179086518763;331.6183293069898;331.24791791403663;28.51149197787601;169.44817411464692;91.85867553180756;348.04086022497916;169.56330887937378;162.58806795607325;138.28029645728313;220.08921900249152;244.4861742690133;87.8045254185811;305.9544358277944;288.51825619357857;200.31625249454837;52.30520147893808;216.27333371551256;193.4385925109002;161.17706323873762;288.5425124464316;70.81818509748543;81.73291355624073;174.74713658520434;355.8050233057891;166.29411727875743;187.09072362448052;235.82289399123832;248.85246006104924;331.32149850667207;45.99521766885023;258.76188628979554;300.15974362975874;117.85536716155805;215.73903094101007
13;135.80034506010037;135.09131929939608;48.48097247133118;95.13685201793609;117.56774558974864;89.14435201948538;87.64763374822576;51.191667483952614;91.14151517295058;89.17752514527709;216.5222474879068;180.22339577011414;138.79450043569943;97.34126383288117;180.21705282041896;46.92113679735614;192.28967467320098;196.12928850438325;109.82028360117808;93.56340715118635;57.82031113102005;206.89378048490317;34.044723926714966;301.3701081505554;4.4503136387387;73.05687457568146;124.6014895890415;197.30589747497814;170.96106128303305;121.22877059143819;40.31440458026221;104.15740958222298;76.96147372402343;79.32635510765385;60.909406378193296;157.4747457301278;83.32915262079835;71.92823237729904;46.79420319387608;200.5689108927677;44.09232289715409;57.475008453670966;113.8815280252325;103.39700024518164;160.31783088170997;147.9894841156588;117.93629004019671;184.27184251920184;39.23326549169779;65.76699152510486
14;157.39248423575586;90.82630199490794;95.67775811776582;174.8121047260156;118.27060647684425;26.027804511062367;151.28113676527298;32.782727940764325;17.314480247779393;159.80167003193938;270.30365485727776;162.34212020785117;82.58017260363147;67.15730248060969;283.51696217693416;107.94959343648911;150.2039149810405;137.1811299618405;194.50574456841903;97.18701347816759;124.6768714653133;118.69699170094675;81.99797996375148;327.74867294449956;95.81245492287374;96.36804679265761;66.89034559887907;260.5716771163181;150.35638255272283;58.50176766188918;48.5028406902507;178.2304612217072;15.84416141997895;15.374869805238774;62.394078035510695;102.12987928483605;154.92117706958047;155.18530688443926;43.20956279048545;117.80033940385904;106.57424416326602;54.403732839818325;55.623709549968154;47.96444093373341;134.30402520079076;198.20340526545283;75.56061088041729;114.81816389537863;118.36885298916188;64.30999717244445
15;256.3458291191263;52.86209652013678;85.1086630479076;226.6511526164004;214.36915584589605;138.93006087841408;220.20216170683503;121.52017502736325;133.36874885110905;223.72676586671287;304.8453706974739;55.74634741646917;73.10976296503169;181.24276037729402;338.68393860048616;172.46410209448263;110.8443417345134;99.21061598530643;230.69482000008955;183.37736959242432;191.47017682843077;102.17006798755527;86.97178546236468;415.6157607959836;138.04397496433432;43.34104974119176;69.13414367671848;324.9746786495923;61.287150797086504;93.86937618530754;98.31794452072964;230.6463287750033;127.77271665375511;112.13322531575764;161.7676991655617;91.89565102109005;213.10778932830715;204.76846349410553;100.43913378873408;114.8948548673634;86.77237964709715;137.29872337210938;78.5122556882535;89.55658710224249;42.08611926522372;246.95109500545223;55.79827364312549;99.61465033287246;146.13854574994573;68.81615398868541
16;119.38000992826409;233.9492288718227;142.95053963652987;43.476338530897756;156.46778000552538;184.05340806096856;43.00130252265477;157.1890587480337;175.54822344858292;30.68327064491814;150.63088006835758;271.10689919218487;221.88675594102767;163.5027039878221;120.75219841789703;91.33538556760236;285.09983634212074;296.38601956206867;56.47898884815186;149.12480503352293;53.4073389339464;261.38520144619304;139.93382803332833;210.62273762914006;94.67632339773468;155.51745067559972;216.96416181607214;143.48522819869044;293.6473666124814;219.38902076652613;142.18484224181486;44.36168655678113;160.0991004596606;165.9391675892018;124.12583173267107;276.75665241138364;48.083617103482524;49.01698646978405;159.71415129646752;291.7616839942996;122.4827326675402;152.94868539564752;231.52632835757754;212.9561871130144;267.0946109758641;94.91351401826344;226.2264417140195;266.1311807911761;65.31419469173053;154.1727977770972
17;279.39489162655843;59.864128799986375;136.57109599962396;309.4076230805002;298.4196486783518;201.5246797230947;249.75510963626513;177.0057417174671;175.61717397071683;252.0544848732184;362.2722608204518;9.01453541327048;85.1993382649243;225.67559247083452;339.6091735424444;205.91728122399573;86.50917132088445;72.72761874177544;283.6454172068524;245.024933415339;218.23346565583248;77.11335941359094;134.79672137908344;507.20826081956926;172.32576167775477;111.44231222783412;92.73978460253142;350.3783355061091;6.054175326989117;112.67288442892526;162.91024116351943;265.0600053421669;170.70344320601373;170.55560908017162;208.81668787101742;97.09870700590943;262.49494288588016;233.89767203813983;143.25645273483724;96.57238834776072;154.06963216103424;176.34491069685828;97.93612030063126;114.95723296782496;21.488501439406278;332.29585196107666;86.8190851848984;91.35762521976271;220.66640650157106;130.5856124535211
18;252.2708651499062;9.397500289794772;110.11813585994285;249.05521499531622;238.03650649891978;133.74075591534825;237.01970483897568;114.93611530542213;134.41302575809308;233.86449755298756;367.1413818985547;47.294239366243204;36.53177165119202;185.20504378761476;315.94654716040867;183.2898951714107;62.03385547318875;51.34767817177037;295.9045533844903;204.57767701069739;221.98921324438987;60.46876506312022;112.17393989615302;426.4095837465581;153.83932662398132;87.11999781201392;40.34418304920448;325.54623683100186;54.52164087609477;56.14640433852737;122.9022056189851;243.04642805448262;122.28845042009492;126.08415025360142;150.20407538477647;49.31227919592212;215.79423848209683;230.97229936040327;115.62710590818965;64.09458011011615;120.94985254064365;136.75983963722928;54.912725861638165;59.84578293078116;39.13362926597024;297.73682872904334;36.19269011396965;57.958889064663296;185.82721530792648;85.91265427933085
19;212.03886441359083;92.96475041363406;24.66519545406235;162.00033455495824;200.30331664887564;132.0107437846943;143.90741937262436;93.15950356489903;121.69872721126896;143.75019701946607;289.7040753343155;109.6758280549072;98.53380949328945;139.0097616893295;243.97032332360044;124.4119814373642;177.0023711348271;149.65744067519873;181.3501462006254;176.19351484835272;133.07610089471657;143.5672708926711;34.85171770416833;381.24090461343224;71.50373361314983;16.791623041256052;86.08398414930906;271.3600685839196;114.29699809055143;114.59911611079372;67.30631496254814;177.9534503603955;113.53039152279491;107.72192762901376;117.4232975699921;144.14115616170366;158.61417352202133;142.53719474206733;75.10941566377511;153.97648486724893;42.21196765896073;115.83950859863673;87.78028182793155;99.46600956562507;104.79602905985308;231.954340887946;94.96263658513475;148.58048925756424;112.95308635099025;49.41470240864762
20;68.24349869679443;262.1275853230941;164.4123820428205;31.5203465491415;125.73154629963295;174.1982029555447;48.03702478079036;173.2228596063906;182.80067384421196;45.656693777733;88.62301767222009;311.4706804834295;291.0807607705669;154.68210793098206;60.210230566164476;90.55034549541102;306.5499290144074;338.8384553704472;16.815289224648016;129.63602607805416;80.27165466613053;310.9331030297022;172.21687950357958;141.95684355627176;142.22074800883215;194.6468395955316;232.1630055121693;82.12267490063729;301.20484808107;261.50285149629894;150.8138679892527;35.789342686316004;195.04271592665057;203.69725647746935;148.38043260324105;276.68092336932784;51.026395605619705;67.55300543208813;171.9719569587138;338.4395916216342;173.76998703551823;157.1388685840889;229.08502668201945;261.00871813919696;270.70184269145045;28.803029426491033;256.30261612309755;311.95117744117357;103.83380509510178;188.17024692362168
21;233.74691498801187;40.558684079488614;113.21717876981268;219.598289908787;195.9082399709258;81.87853450640326;219.11842597735387;86.00412924924053;68.78696057251523;196.38091786439355;283.2132938762697;86.94179387442307;20.885665178145107;132.14435503362395;292.27083319334406;149.56749417493566;76.51909435287834;70.41546799226255;219.58918187235557;149.26161989723335;182.70127259513853;64.1102517263235;103.73303194347463;408.74514400195585;129.210665625326;84.39628671645595;17.402016539535538;286.9300968282625;106.50500018794583;6.031868430921951;77.17991610325954;205.3538842004662;68.59441636609775;64.91675415598812;104.83650255210327;44.58354708528378;195.67896525228454;193.9347255560244;84.58938018135234;72.88739843027331;117.37844484048632;97.36744131520265;11.431426666800064;10.268074464643423;87.12002991579156;252.44820611232626;22.932256099713495;47.82093578898379;168.90454928767775;61.18985643668135
22;77.65232320915072;187.9186060866093;105.57510585756854;101.12516799112241;51.52423680234534;75.38721489070798;93.14840579158343;61.73543552921575;83.64273067995659;87.64075125365251;184.38071071065303;219.75857530543772;170.73895779490206;44.88853312846146;156.20491632713328;33.51313486937357;215.99172748488326;207.56012892261813;96.11972545830413;43.54464984929217;64.55397852878272;197.72386852207126;97.72359944349385;229.8934317148349;62.75192869569621;142.6103220713754;136.4930181576774;158.6981801261424;218.8928115773497;149.37457252233176;62.68767734619119;86.56784734540558;78.59957378174714;75.96473491354719;31.7283460240867;199.94308524415814;75.95283731431152;65.59036868215833;69.46256468690652;220.89347785150338;100.3777043765989;35.90184806049546;123.12439785475522;130.76467623117387;219.57238077596244;114.24834340697836;151.35789800659302;186.5385069465214;58.338614150837145;98.29217836059019
23;270.3931698633477;66.97608116362935;185.485403597671;325.8050037973121;242.55563654422156;161.0554105120349;277.3172289728599;159.97154681985438;151.8052202285879;295.4113367019738;433.76253063281445;74.2760564935222;68.1188767366797;185.33910771793114;392.9467994889833;253.31521742126523;11.566923371418515;10.176547915177826;333.09593901796643;240.01031786011004;270.86149143815527;17.71464296905488;188.80006734373492;527.0980539125286;225.6098360321448;143.62570970991092;89.22708795957753;426.60314857834464;88.77608688076252;79.97783473855104;181.37029457937618;286.2992005729442;170.49241452228668;145.6961298453285;199.7626982067689;39.12689248792921;305.640837560982;275.6780719815488;156.59819444424477;21.263820756969057;200.88980576159406;186.1571725498998;96.75495876414162;97.98589162790965;86.1138779495765;331.16395459949337;71.49323625710394;38.132655523230525;250.3773379832276;131.55768322487012
24;227.4295743069689;50.003754834646145;65.03575088735444;213.3808699175851;199.29261176775603;112.91023811068393;183.567151127582;73.6208623025544;95.02328150658225;175.99917113216804;311.62452816113847;77.45824621840282;56.43386354061873;127.54091739675913;274.53913302599454;145.68646872838352;119.969901784452;95.66758600745501;207.5482720987758;151.13512919205795;140.57132846646297;101.39535548703498;63.20348586742087;389.3491168597749;105.01996426526769;30.668248440039275;38.66746524876878;300.51154010830436;84.57841740038087;60.633948790977584;73.65437401933842;179.25842676551275;90.19868267463309;81.3930557506647;107.80584967536072;84.101296051068;176.88576646585722;161.81295567904272;64.11167915412821;114.12423003009236;78.23695726050556;99.98686944228378;46.558182032895665;48.37749461891545;65.06895090551875;257.1396849344939;39.284882155808354;97.995992651404;122.84105308575377;28.53132066648425
25;189.15716801759785;86.37450939353191;18.50555985938647;160.96344729845913;156.20761928536274;114.43099663066207;142.40259377495778;63.392883149189906;91.56332657013714;140.60329943258236;281.28058483867824;132.2943528698946;99.00571404125006;132.8946204228165;262.2303788906038;100.52275937435297;154.5500870106836;129.4426182343537;192.01040295710266;155.11324353483562;122.34795947955793;135.61801809544772;22.875296602576626;326.5395336078464;67.47906518738058;20.406987375266432;76.19758297074766;258.2661225634177;119.87197399475608;91.6745218357943;49.72738144188688;150.13087993629807;73.50671986215762;72.7105956568705;84.64128751166717;138.83646893245137;139.15685859417735;129.57748571123867;50.04298480124463;142.20771317290323;36.070481816760115;96.19169184524607;73.0381208374057;84.70211996220192;109.29214828023689;189.295646562872;80.83794138578237;132.03493872817134;91.85619526281282;28.770013035382988
26;104.19148063464334;204.17529964618828;95.7108445270112;55.62043194746154;125.66274971892713;146.83423386626362;43.654816514238036;100.96901402953587;130.3974816258218;43.17132275000875;161.16373242175297;226.9044154427226;182.5516598703112;115.2066490349086;157.02339042664;45.2408301112007;277.2104273994122;247.53387221609597;72.9786872958508;123.59066374060893;16.91301442862539;248.791218623884;77.66143963636004;247.23317318751688;47.314110410313475;118.10046536349306;168.8076351024114;183.02196147198165;209.86856357502091;174.11984873339424;87.54139395092187;55.00085126993146;118.51615593084759;120.38323949879222;88.2928046421626;208.85526618219595;45.79872297503898;28.338466763829192;90.20484954014704;246.5952243550507;70.71718210502327;106.97497229627189;172.68912955151035;181.1828125899352;225.89473918486578;107.15800318131166;191.42721496470506;225.17161622131252;13.318594234711043;111.53421605709062
27;289.4644266628586;41.23763577329161;119.07673888882108;247.06518654001002;246.9112986765041;155.28554085232494;230.50951668720901;142.15284973316204;157.67290857257643;255.8096531515539;328.7262354396626;26.795574932669286;64.65549473851202;198.51370096054055;368.45734192960344;199.65567539683173;96.99048383889806;71.91127711331535;267.3317823526539;228.24539101389036;206.36144119366966;76.01621170345629;115.0108739097209;429.99310145500954;157.39177520931543;78.63156041346028;62.25209966403328;368.4234106491773;29.570927876458263;78.86031269670784;127.53887806474926;264.10565418443565;150.79023577581208;133.80451902550948;172.92622685032813;82.85279641459206;260.3787208473322;241.21661725540636;139.3017391399122;88.57068973131268;123.20406386977751;183.28283460369147;83.34536343599645;82.56858589695634;8.476904484792303;294.39275359692283;66.92275011819956;82.75901422955363;188.9085558505169;88.69965703993738
28;156.45446089675872;96.7841145205216;72.75932423739584;174.1390075225461;121.36763484036695;49.60458920156117;153.60263071904774;15.16258796787465;39.34327195315977;149.5680521675227;255.62028174050994;143.38773049156563;90.58491807789268;70.40683046542415;236.2356089651778;82.30092628903188;133.81872266975233;146.8157511909212;178.89399221702396;99.11233833774753;124.56739534058269;136.49070719213347;63.91354921530591;358.2322296197282;67.79224608890904;74.0494682296923;70.97691435028486;223.3033013858115;139.08602660673557;70.60514899717795;24.363594479927773;148.46799462415785;22.132114639037617;16.54929429158872;49.20726893974974;110.66887053137846;136.70015060479238;127.51357173132774;19.925605467192707;122.88511443095554;86.51700690312298;45.58856100364385;56.86270902802613;56.677347314690294;123.07212120202854;204.22346726855312;70.7787071764021;115.76907472037601;106.28196031384202;40.25552412710107
29;205.80119284576395;72.39277476193006;42.528729595275955;175.02295684654712;186.83618179607072;109.91901192256927;172.56378080280155;91.76160734233478;117.00145221347192;189.88118589757664;264.96760679478484;102.63873810427032;90.0863916003716;141.18824055010762;267.16264782109675;140.1734457054037;143.76653176623932;124.70645453082324;196.72125698187153;174.06960937706302;149.6324014163471;137.75143323919232;44.33797979031692;391.2590836671093;94.13334437028337;9.085278262023607;62.43449314263883;301.60096726129314;96.58285294028214;83.93361549924059;70.77138070995696;177.9753177613624;102.60342450778488;101.18776303931088;111.67558395486691;107.63956270161599;171.22704866061446;151.9649847552168;72.27590485928297;127.83164673136262;57.67843958779393;119.90544884360614;69.70427535669606;77.0827973918684;75.61488999795473;244.12318850496655;68.07355651519272;118.39014050494552;112.99474878023018;36.52886715355351
30;156.14634444224657;87.05729031728043;29.905814415881412;144.38844521031055;145.4018681536225;92.46051105948635;143.6570574394095;49.30903773009198;88.07483628707647;140.61755604147356;258.8337435539622;120.37612971153733;81.91988824642985;117.34911342669605;247.22595694623502;102.54794268127728;154.432498783205;147.35352636285708;165.44982686863244;129.90650016922717;110.70833225340144;124.59670992297949;25.888038651805612;308.66671681736824;54.765499629558995;32.850979584667435;61.942592611000784;252.03761544796737;142.38535990534928;84.01284600999014;34.787975382093016;141.3462222282043;62.27025722170347;63.93193777716768;72.3209022594675;119.92832448761875;137.99234337365192;115.54236569817533;33.564997492976374;129.98585934166272;45.16093726088345;74.83946144164051;70.70105547886004;62.430769302363984;118.13441215525815;186.83158848441366;78.46623599176758;138.33005328494613;87.36207720431348;14.90097150291726
31;122.18049451584515;131.00295400761436;45.575042559795904;106.91229307568638;110.07091692872204;87.54762442176082;90.57588027545754;53.66832452314841;91.68410133526149;102.00059157608008;196.9889597242546;165.6063276857543;127.20777016979548;84.81452146527718;205.01088948747056;45.96911193150932;195.89372281050524;187.58383463513223;110.66177537159273;89.47808177760038;60.95801097876782;197.58475673382492;39.0659885960409;294.8927167628739;7.737837794753467;83.41253765694853;116.11534964444992;195.45125385019801;170.3632777099189;131.19611258780148;40.64923372715841;96.25302768554815;69.4782629830443;74.2171471219458;53.98603453551428;170.13269234064506;91.86214045355675;75.87159625605571;46.038362457973435;194.97647433628924;48.094821176026414;50.26173837434769;106.23112543557714;119.36567229190749;169.4042253502494;140.0993987594971;127.83918491992249;179.40708872739896;44.33945111585611;73.40110839107042
32;201.6468963254609;63.215024558504886;93.3962461934256;224.2287448265805;161.05398321119745;73.83107741356737;203.47752587939553;71.71692728407291;63.54754561842223;199.98708546380863;287.49467719032043;102.40680230809338;36.67128081664365;101.34139118700008;327.66909513721816;139.41402185035287;88.94043315732183;84.27652644731887;239.98432587371013;130.1963298428444;161.95283396139317;81.34597059676473;106.07901363842662;374.9429145207063;113.13563395544686;87.23225257903631;27.801325141180854;325.192420800436;118.48559227976203;16.21134932811976;71.51310237834944;226.17593090389167;61.01306035401408;57.39354869115934;110.05298570305595;51.183859143101685;181.0960671864115;166.22631216602525;76.60270560078386;79.47593199968132;119.38789672092797;89.21068042022887;17.658063987099787;10.992111416322926;107.44192162003371;255.93609408771638;35.56148512705406;61.3970026507612;163.02185411882962;64.9493346557741
33;277.5062442206071;31.2081057392173;142.27706081873424;247.90559888947703;244.3845588104513;150.34296785020055;262.15637948419646;129.56139580609423;128.9953064855412;269.2361455526142;392.54493506625926;46.08590428040871;38.38689215617037;182.9584898860149;349.5102702728528;215.76783682998;44.26680535420028;29.143598925054448;290.9370514749237;202.3422393896452;210.89363085402613;29.195239658932703;136.46800901198225;462.6118532534748;165.5378977329656;102.17637705480388;55.862549502197176;398.7901624509815;61.4022589991611;62.05553480551201;122.49059757840311;269.9555444029774;141.65889879430748;126.44897369096192;169.5264683642043;38.91002635374284;245.84993754871212;238.41972341897025;120.00187410994927;45.21598175480591;141.01251236195418;153.01688632937098;69.695694868585;66.47382459223732;52.69207497088866;319.885030700236;43.1114292060855;43.45000812477961;204.36099010483426;89.82911632535223
34;144.86015042668927;104.27416831052973;79.13013038504285;141.71985500891446;95.89082807888754;30.291222680532893;143.35439684176305;10.492679412634502;26.756634237738762;151.6268271279971;234.37340465781145;150.27222561798854;99.4163214473317;53.75290127920952;217.9699018240111;81.30907715516244;155.97345710205434;161.32433923200406;148.91342927020372;82.47436417188163;119.3271181377158;137.44663498909082;73.5355492779927;323.6829673527836;67.02438095583226;91.45091683480445;92.186120674631;209.91500384707848;159.95876806774632;85.82901094428605;28.194458164236263;129.8504427801202;13.42270934605164;13.229709692120323;33.96509679655923;130.11960335433898;132.5978508449107;123.63657575975603;23.53959533372046;160.72446127147234;89.18978349733261;26.987534369724766;66.82566881482833;76.5886808028488;145.38940637804174;159.94816477485654;83.79433042644045;138.52398391685355;101.66561903107704;59.94318318869605
35;81.0463225439434;268.81321289341054;155.05538057827377;9.128211508623828;121.21167532366957;150.89683001129532;16.204333665125596;142.9853642897429;170.1359373232456;17.80669171498567;101.22391821469816;308.067290363261;263.57549030007084;141.3905891313315;90.49690235930957;75.64799784925701;296.5474865214173;314.1268500578736;15.81629012587634;125.33618924660972;50.97709488276825;313.9105178695995;127.44998402644792;181.0396180796167;110.89508285912254;182.9945000804674;231.64597573756527;105.78586107313147;264.67455546840813;232.92518146055326;138.91918145255622;6.383694252214126;147.26284343487055;162.05598939725652;119.22656239604146;269.4916456527265;20.74874038282233;37.31231841861651;145.91932933805512;281.04991092504116;139.72486725166212;135.48474987922293;195.91126471881958;201.22869596945054;280.83407281164733;45.5932252094625;231.89027884595484;278.73250907486283;64.32896647740624;178.07738678412795
36;149.95377895497623;424.225039577764;305.93231989290626;148.29129526913164;235.45921765618056;295.9313870854802;179.99384431505945;271.94467815039104;285.47569093703913;160.72829762887451;61.878551881734346;409.8631060926901;431.57624280348506;252.97444088635797;72.15234762547628;218.1496450199336;457.34562501156984;442.3745731695339;142.68743684408764;242.30198797958528;212.14407058156243;425.1374000242324;279.19235056031204;25.923478710836626;248.95217854817605;369.79433095993005;390.86028358462147;68.8177967335877;489.72985798457785;349.7327899313046;281.8093007713544;165.52139641015066;279.5485555639373;312.456515092262;271.84534803212546;410.61664916645776;183.08719871025883;208.72571682776118;324.29397592019615;436.1141288993982;306.5692966859273;283.4416898178873;379.65271559470705;365.9536428949732;398.340463275432;115.75316726865587;387.1949648790304;413.4860437843022;245.4790382133984;307.07879726205783
37;110.45981381890233;151.24603953948716;66.61579836019953;75.3815590389724;128.98198263877688;109.71538427106273;64.62830544141453;84.52616267605144;110.9790097698273;65.98290027149977;206.11048889447514;182.66613190648454;175.05959802329173;111.79805973105758;157.2537037907592;34.58284378262036;234.15825019093148;208.81326241754832;98.10088434159076;115.61259705535964;33.66345470289688;225.92406043426973;59.0465608875997;288.4450594419806;21.80437456306615;106.44649845137074;157.2903514413688;197.87211989769352;188.80308070567168;146.7721773483633;61.90150671623439;71.09333849492326;96.28867111120613;101.91531881728062;68.52044663792645;191.07748720886462;60.78558770580364;42.01498049097796;78.74877770984033;227.11469299872957;54.29755217983005;78.9294105851437;139.66458929738502;136.88600526678368;173.23804123917844;129.38717490122474;136.6819622090806;189.75395859651832;12.85838995775385;89.84080171804531
38;115.33138102248793;160.00777842020196;116.46470954489047;140.81384269573329;69.37159942103722;31.219050137443322;130.03932772068072;44.42841076384355;39.952162722402235;123.9091066892164;189.4762987729063;198.60438438922642;118.23400282467988;17.690127161170054;231.69190479221348;78.11587275783738;171.7816189393224;195.61294119392397;157.22068375037642;49.32490436306145;106.80776349074573;163.91648773229207;99.2002163068275;283.58692041222406;79.97501423521922;118.2521092347016;117.11615839151683;188.06709835125574;187.8165143054051;102.19565741226175;61.283088563754845;138.2115527106994;39.43517934439312;39.78050383794418;23.757067619595787;150.59605457959628;108.81051397922778;104.70560452902252;57.53848610956094;179.56230192042574;114.63843015101422;19.40876278666119;105.0352239600049;103.47443983223678;198.78131341893285;150.11706837418916;116.67026953090067;154.95343664476053;98.2439453979536;93.0234168171907
39;130.44145409000978;158.5816823302282;51.24999056888417;87.59361749176713;124.18845396342155;118.97425072648693;82.14458282764595;75.66636607972625;105.28953434997685;79.05950834861942;195.7035816363692;205.97176149604147;161.61697470459637;103.44799820630129;189.02869595080762;52.3662178063196;237.0697544018032;202.63236073940402;107.30103965419352;112.74304894229986;48.096014740156676;219.75575937173906;45.08147612526714;301.90135664985496;20.916391996079714;84.75950619489907;141.73914381042215;189.2715691797439;191.24492868077573;147.60757093676642;56.8965409479646;88.56765764569214;105.25582678064845;95.11253934796038;69.85678966756306;170.6351602990947;72.52586004931594;64.51919799733969;62.55869085393365;224.96700048305811;39.625926325462046;81.21982845214158;124.08000456643984;139.53111858386833;159.99656426337873;147.4654279985305;151.41098453299767;191.36357341411647;29.633652315108883;89.79380660974637
40;222.7257122167517;44.501169757985565;126.5866362214672;242.950625137013;187.0051059129611;99.21144499568571;243.52881100350106;103.02742365749583;86.08981329649006;236.10452189454415;344.33441119050616;93.02089316696281;15.253308484622982;145.4420956920372;328.9494005461859;160.77322666008476;61.49740528568448;52.791260579232905;264.4546681970882;188.71224983647673;214.8673778838351;43.79829586998349;121.96571803163397;412.2620989103251;147.17824340472714;109.32296487006379;35.93428670076913;359.862561064188;100.9257219394108;17.95810789945;115.53370329574389;257.09839040807987;93.08514493043448;85.0057479544598;134.32590171734105;23.314725688705316;246.1400434155772;218.42654900156174;110.76957767134549;48.24661504416785;159.93339550294763;133.81238656411827;35.19538379588574;32.95699964184027;87.33983898904265;252.4270709842874;31.57710332058107;26.760491437287424;181.79239555959063;90.74293069670077
41;131.14886770600398;155.03175560182987;107.11460005027759;154.23456385139275;72.27194197747862;17.414186072284796;133.23558568829097;47.30624235080295;26.650286945292976;150.23384553797055;228.06870471484658;206.92944361408462;126.28708098688216;24.45836925148516;216.89832914765714;94.64490174946546;188.7804822762155;160.02632937260017;152.62321866111134;50.47031661698594;128.25138354708463;175.62659261043765;104.62274869360259;285.7342261072718;93.79990364012478;134.41852932183093;111.89149757144415;222.63735839082082;187.54122526537464;110.20404337698704;67.8684227989603;138.7054614812554;35.21174875758255;41.743390582912404;34.8530806153153;143.5804514591773;140.5701903937728;116.61247910554873;56.76548878940078;160.21559272681912;129.76988362675095;29.789971548669776;94.64747654235833;100.2271746266153;175.13369658303577;152.9155176657473;115.81133010434192;156.62072394406744;114.83680347521705;94.32386732067815
42;48.34901926776827;222.32196102292744;126.07324527850136;60.87671977700896;60.08481185813415;109.38328159202612;55.84811086484231;91.44332515728976;111.81477563958933;67.36601733693632;138.13925232590367;246.2352016284072;186.38617198644695;79.68437439655935;134.46085919502428;37.122788206122884;279.68787126986007;253.66055285691735;78.49721417080278;58.30778903879677;53.98484008772009;245.78925712821342;105.27690743586463;219.38989161899792;81.1958901851181;152.83688392118728;189.64154731394288;119.01066394311098;280.4015049773217;191.55044746879383;90.96267251054401;59.35733941551781;99.73741997692416;117.98088934251462;59.41594120560417;208.03312992556968;47.541989943880964;47.7572179937156;99.98828744145818;240.54161325390675;112.20641264760253;68.92966257865683;165.99963094359265;167.8929251925452;215.82853636610446;80.51758752954268;185.34157018256627;207.23123021704913;62.654361599519554;144.02703791546165
43;133.3707172970593;117.68004799380373;77.91512879784274;160.1221902604287;108.28312637333859;36.78872245173437;132.99863599888306;4.433023552226776;30.92180067603184;130.41764612979992;223.94080903769773;169.0642583063091;91.12787239501937;55.461269143294864;232.91002158878393;74.71394561355892;154.76692321518246;143.50180651535715;176.5254662362287;81.20428027564476;108.30135064994244;136.30150072352657;62.643067235801;338.87034447363624;59.61487566384973;75.1670792844745;81.68361498784664;243.2959470562263;179.17094729924497;84.68683034884744;20.19967160237247;148.719081139993;18.29550237231096;16.96641456099805;32.41955561568198;132.0126132105039;127.00875269476647;105.42437899803136;19.851803273704903;146.54184256640372;89.74889551844977;27.029710235002177;69.86915279814659;65.32139635855661;141.94579573812163;157.54357469849643;96.33379449531176;128.65109975048327;101.07989439567962;50.726765209028166
44;180.03473598285825;108.69998980003903;5.12298675142267;138.41005333922908;178.3691791557;126.8490826713173;140.93496624789083;72.8615578570696;118.67525422788829;128.15330598279874;266.6153259611728;145.6855875400961;119.6003281509311;139.46600149780082;225.01362988047512;91.9908623204631;167.82988510214557;170.79585141404587;168.26534324238278;136.71395417914005;92.43206805451285;174.91270679626177;17.53830526321563;327.0780609464495;55.71611778672564;33.92743292835149;103.90146326062367;231.09401349021434;134.45434919565832;120.36416191002706;61.445443962677565;154.23175109778217;101.54632585835989;83.80067785737779;95.9160430114596;161.9172195341514;123.52366353128404;111.1220103491134;58.70576221246277;189.02080954042637;17.843333525934195;94.74527165140046;106.21590197326898;110.75407442887928;111.3920696491545;194.63972667712324;107.56295152767784;157.16245680890293;80.12585376453178;49.50157025549247
45;136.12570756786533;187.97002062926902;63.34463144895356;82.12414694653475;134.2521634612165;120.88968394788873;70.29994040181451;88.4541595360999;141.27342964460667;63.74175316631739;179.0673251463091;214.06722147402107;190.36243070195434;127.11985846611978;163.7504044033773;55.452724410280375;230.77044109987733;241.3273228614982;87.0327254057464;129.7677338814697;40.78776025089076;244.50685833317164;65.0234432176874;276.50289827395324;41.65509963972214;96.68479876318791;159.9439008250197;201.12067739850573;196.03137737406524;179.6502026676108;85.20806096368459;77.49060669432107;113.67662679820106;108.20691125027642;93.88055087154386;201.5305508210328;65.35011319194331;53.700174324206145;85.1912911251254;214.83870585994134;49.7050184567932;94.99186478507772;164.3097847244223;148.92583508597534;173.45474796625888;132.30316594933257;167.5272563340329;227.25505792443445;21.913540823612614;105.51341245091967
46;192.2523763444212;61.744266869431456;51.283844729625095;185.0769331080748;147.54370357945945;95.77983849855042;167.00153908657032;56.867885659248394;73.84445034217049;181.42338351307947;275.5096326317589;103.8610335094967;66.37114886384659;103.52474290980125;256.3515420175127;125.32696359813319;135.09521520187562;118.07864565254866;195.5292379345511;135.77404827757968;145.13705583493655;116.61268917790133;50.07322439934501;326.4718044691423;77.00969697581802;33.82834864872299;38.574742216323514;271.7201994318797;118.20539055397327;57.919910734163516;48.20548589432068;173.04069127080572;60.75211717893855;64.64027319457922;97.95614837173615;100.77609346200403;157.89005419902855;156.74983668729914;47.69789465700895;112.6374727744961;68.66292636713045;82.53587683162985;44.44345256956548;44.419351746169035;91.4373921192771;196.34727584759767;46.774908652665594;95.65064802265891;108.44939090025056;8.584423662432464
47;106.39835642447021;282.7837138390708;192.66681942391824;47.513710494155276;154.2103958473738;210.26280999277307;55.76947828205393;193.23729414252108;230.824452851282;54.32494568001681;99.15655881351053;307.94399594381275;281.7706558363526;174.0982553184916;53.51947170561942;103.26579852984172;372.99208301838394;340.20575396151315;31.258229922135907;162.32591429792632;84.17274430324359;306.58143230879034;185.0757263792332;159.54283454508214;129.4072628110458;208.122359313796;271.7865070794608;102.2261374079404;320.1288861174173;251.7927360842079;189.27171994973122;46.57527304779513;220.2494096600509;222.7681465425826;148.94565157879615;328.5852191459782;62.56614511077749;70.15953962673038;190.12151235491757;358.6807992325069;162.30665063993538;172.84665295040355;233.36923647505142;242.56977995818534;293.44875673907273;47.45221980061342;288.672723872626;324.95267674943335;114.52084076461685;203.4754967848848
48;299.6382434014834;76.17574138145794;170.69785658611778;328.3251047079256;287.1070595005614;166.57211766577504;317.931462104544;159.566274371111;180.52740849529832;282.0491608391967;371.6670931284869;64.94066852669029;75.11275102153327;232.2109067924744;381.1608205440125;268.9758611065044;26.74621270179366;23.6695272432195;362.2058053130005;240.13354583744882;256.97552938441424;32.738782377076255;185.79646565279248;462.2791275672638;232.4928360207651;152.6213710719147;103.45861994813684;437.0698702860182;75.52242273599522;90.0291615805651;190.7265114959745;338.5843134954055;182.40468569294225;173.07254263845002;205.3557114630061;59.79302810235346;320.7938201640069;290.1673759430346;164.62723991328986;39.99003854534419;217.68112494613246;193.38275206330374;109.84030361795637;113.38966171156598;77.92530885495914;313.9310410386712;96.77962420115223;55.72625951670068;265.9177792203608;151.1157278322128
49;141.423404558677;113.89161726604983;67.68275597470587;159.59920429333775;106.60654894955664;39.62420751866299;127.828579155199;4.5902172484039;32.87949704695515;137.05460406131752;208.88330556602833;159.04820551446207;93.80377191835774;56.11725171322663;220.62890868731873;77.32687177933384;168.8368592835464;147.62206003788327;157.32302363837726;85.4870321481892;106.72113616082355;139.6043975065544;63.97656816518732;311.0930577060337;64.65030369443811;76.47071753300153;90.78020992066122;236.39932947002768;168.56505766781854;89.93733973785447;19.546478736878374;139.78165349616202;18.982758870493132;20.585359987076956;33.78549832875677;121.02433022321543;129.9753946723871;119.42238439241261;19.35451288755721;155.18616352514744;79.38416666606386;24.748099442947538;78.99467902772442;75.2719667104585;161.53868642043312;183.9124548103315;91.67664601472482;142.33746344868788;83.72570695278505;53.56271261327669
50;256.9956833463114;14.159269486539802;117.25022708556821;266.1493974784868;202.5148578326927;127.0475763646875;231.28920335136272;98.13551002157206;98.87293384602191;231.39449840854482;346.9369201376817;68.93203130692545;13.349476694172544;154.52672528392122;357.79538909229916;163.12695911024724;71.87941650065453;53.36310551972782;247.8858473539154;188.2273524276157;183.87318431560607;53.43208619493181;122.13695214470445;417.4410663656038;149.58511202781222;76.58979281139324;24.81297910832847;337.19983012008237;73.93888253307531;33.834467449947894;103.78816883013063;233.01719037949027;104.70365222244988;105.57121051954749;129.7200792821032;40.60189467726897;206.8981294219986;203.3783967778361;107.33378699756207;60.22551671525166;127.6742437838618;140.87987594869998;32.318977123070134;42.871483839719374;59.21292576818687;303.289192828773;18.047198590730716;42.208117473756104;194.30052388285128;73.52648929782173
51;195.24688366472316;36.12649583585951;89.61495991101782;196.46301562569076;167.63366341934608;95.04791529650724;200.83341891503787;67.31318376415368;76.7053971088757;220.27445708444597;278.1277779135294;87.48479756081527;34.89243901306584;133.01978157604276;280.86565872787423;134.69271857358984;103.29376125672621;79.73011857163814;217.3895317793581;167.98195872881828;157.60433341799933;76.94173669477094;83.99356887591404;393.64003788327886;104.93949764480826;56.45624081525095;10.567464492165055;310.1815557758449;96.61550258088128;29.294408010467006;65.35492207296053;213.02206523639114;78.97136897635036;71.7964336280247;115.98459503459067;57.11756686728341;176.19885120698916;189.91367665935226;68.9476660080161;81.47366799082792;100.3543947616375;99.5658788929752;17.47463459437042;20.568094679734596;79.72822031449081;220.50366533003935;14.388868321326743;72.11014220408332;158.10508665690512;43.1057524700077
52;131.1585427394983;307.7875274261868;210.86757424954308;86.04583246616187;179.01300435335344;229.591620350055;84.99738358190784;207.2604334961078;272.1230499457553;89.06623886171194;80.81704577090396;382.96913500983703;308.30438036799603;228.84541383734285;16.791047447735764;158.24823559783505;410.5947991944096;342.1118705053701;60.720265234460655;193.50360043715133;117.5438215659465;388.02202909576357;202.52747351688254;107.00367383874726;181.18216324594843;257.3783319974727;289.4720410664362;78.61342261522367;370.14739062312174;299.1871891288011;215.24058177611508;88.38380776614073;255.13374371111018;251.62102727067597;185.35215970343248;330.47945713049654;94.69750074018567;123.34770924881987;241.02320203217124;387.3996348008719;206.57470757363282;221.1003945945409;304.21434459058173;285.4789880750566;338.0124975605475;63.54117414507826;292.16118245026655;372.38668369191333;137.69854852352685;241.19081544988006
53;62.37245023257435;295.7636505204382;242.827119728582;100.7519682480341;112.9283674212188;220.83884337544993;104.33649752701733;184.47395050354103;221.67888825888494;111.69107191412556;31.66322068938728;353.6034220258589;300.7062403942072;175.53357295866553;77.45044189710855;133.50903673500426;335.6154115701741;360.5385681879025;80.65595415338231;135.4746669798906;122.37927008201788;355.8761673554824;215.94748260397898;107.1238369287426;179.42888510415844;255.7219683965209;268.6672716903512;28.429881461155578;336.4898861034653;271.57822878441783;222.85448229635804;90.11811759906433;191.9515325984509;216.0033589296493;180.8841652263463;330.85037131030685;102.127376154667;125.54459896336867;220.28446027059704;356.19506255990615;221.48453903751363;170.51507517459342;282.21215948989726;264.4797419842759;315.5156692874256;50.21121941014941;275.1407121255811;301.43325202809535;157.56298590777334;246.05392104385143
54;297.558180691225;51.96211594178403;152.9328844767835;280.86194131737403;216.08738244252478;142.7851953791273;259.95856680003993;148.899473599274;116.42092834981474;260.1866779767103;347.2164152174211;76.27092097530578;38.10151774356098;174.61752476624773;388.7169503698465;209.24360304546346;29.35949519623015;25.5442294764231;281.3424182701778;225.55010645751892;232.93177443455602;13.518288947630959;163.98140243821675;484.7757551539615;167.3022246633087;138.7379834501861;62.30979669090613;360.01631939667374;100.47384792465076;55.004859113355636;144.1565342070723;280.1433995360022;123.26593409255649;130.15239340256022;176.38003593849393;12.331589393234882;269.986138971031;255.45333430162555;126.30505433763781;14.872790320720672;183.74408382982594;170.70070417375345;70.96851568795725;63.033462577193234;88.69544649738079;298.8894745684772;61.32516860876762;6.811124629402084;215.86066513190607;117.94121315867498
55;165.53511238623605;88.4310167322273;58.58086296293114;172.69757524739973;122.42696044443176;49.21973656977752;155.82352128932234;16.86165799037547;41.2124243669663;146.20725797119096;256.7359063495454;154.55282496618995;82.43184234056753;65.97037535984387;255.91574536452694;87.26906503652526;140.02069324655054;129.81466576306758;173.44229872377;93.11312781327021;120.73322887074629;132.27550213781305;52.878936384332576;303.6447971202381;61.8572155875365;69.20894079339635;62.96947272493818;232.89028832422193;144.5890344355185;73.41126376302695;17.104901728586267;145.04707850403776;27.880662159015067;21.582157599034833;48.361566208978594;119.93345897868916;129.36073548240898;123.05853169083782;12.44158341456255;134.04367485311133;87.07637835448877;45.14564372569941;59.72177668715619;62.430981451356;140.08499381143133;173.02715052635193;67.48953589293322;123.78806494788121;102.02443396867835;39.792528566718865
56;163.05795840099992;95.27354149525115;58.05199047555991;170.31770994666815;112.42343839281465;52.41579795248957;145.69961585020124;13.06752726002791;45.31903251110628;154.6385870550481;265.1781174942372;151.95510835735092;96.40369524403467;72.19276627231338;265.46770922282246;80.87822512995588;167.1214513190135;145.7233538270218;181.9691074610715;98.32367800820482;102.93208772781946;129.10742257735066;50.02212133290934;335.30483609370594;58.45093040245572;62.60250089429731;73.37456560775402;262.04254482164123;149.243326258122;76.18620343604263;18.92964388315943;157.5149871444658;25.793201474247226;20.75657995666048;47.50324353586284;105.69151446857714;132.37638715808984;127.0076913733956;11.643191646853124;138.3928331113189;80.34928913335777;45.090482504833545;55.78421040327903;58.98620448447488;127.0007790232161;189.4927255803893;74.39819635069767;111.32344306686143;105.70303035227484;40.48647553441232
57;147.5728035520068;409.85620814999635;275.154401953645;159.49087555082065;202.66713367638346;270.75068248829643;152.68148916354514;275.7712088383949;290.98443168635987;169.22462289422006;59.02977990817009;438.29878356057543;404.8384647753608;261.45715237586705;60.6031194921317;189.82531520528602;464.02267669587707;392.4428997911232;119.43526910209094;210.26053894734196;180.76940783099099;394.7208047664135;261.2566896580083;41.64196063417507;233.13011881927468;318.9352767383115;357.79095013706046;65.64432616481031;417.57292566838584;360.4232738071631;287.77370266904074;154.7094602042726;314.25594385163396;294.0481410555671;224.36869659537896;367.23046936162706;170.60734855312808;187.2534295549011;257.1071845959692;397.45040852678824;258.514425613124;233.52049766141414;374.3394290174157;383.49011963848056;378.56551454347607;98.56362961050071;370.3268781343763;437.2751431061068;196.63559717424695;304.9832044405627
58;135.1410765189584;108.96679133268921;31.68500484481611;126.10144817580438;118.36845470298785;80.49624687209544;114.03818502339487;37.922849136096396;76.63149169135744;124.59881814261152;213.020965196682;159.00159996135545;106.65331046134824;86.32755052877836;223.9603139122464;65.94428265436252;169.28343465665856;161.25708036432948;135.3161500176817;113.26634949242258;90.53374601964529;152.4573267892718;22.29478052942249;309.08936885307213;28.419649080970334;57.41805343980974;86.06328937239917;229.09353741065254;165.750841888411;113.48847276107492;25.318686048862073;115.46437241296343;54.720264407478204;61.21153843169223;58.28188295694157;154.01514746214227;107.70827467393089;85.7930143692969;26.537470408433233;179.05667668762533;45.49355199430792;58.842651470044075;91.12491228847566;90.11900824142081;147.42205296367283;152.89914898245212;105.06091541813022;147.50235972853307;61.68935654926186;45.79769060421425
59;118.36462795603066;122.37101280051778;61.80760185031515;124.32519403834823;98.72401087445746;74.77298508424666;93.69374800206985;32.25723850505719;63.16815662799557;100.37492048845556;215.5736999354047;170.5805572703458;117.11535158844592;61.33020537467517;191.93013055529943;42.28615436303646;189.64863672119324;176.20138381597874;119.75857983027558;81.71808948104047;73.90562617740595;161.674309931091;43.616924020254785;273.8383931636675;22.611636298408666;87.63237517791686;115.68450479002914;207.89110897267363;183.51748096766852;103.88931000947625;25.496924961897477;115.73388805223124;56.01342517005168;53.44391454227819;30.914566209778442;169.47604855141722;93.29572699850901;84.43462449248125;34.977340121624756;181.86134044434186;70.55679772635855;40.479929964622706;104.0900421091045;94.89811092370753;153.41317858131399;137.60100822199857;118.48167235586617;150.93083973303786;51.31285749934113;58.22259059270397
60;167.82440009744462;101.48218453721705;47.858625872771306;153.0152556957174;119.17353019221656;61.80499972601921;132.2356279883303;20.979387140256105;61.557825777071194;130.71938893302928;231.83519664964638;152.5575318133502;99.03655063290658;85.3789079400777;245.4457101410056;82.98630689261053;154.1681424792517;141.70286506167105;174.93042917547183;104.62123157087748;99.3068262593659;150.20458211429926;38.66452999838796;322.9217822319573;56.47997620177216;52.43964037660699;67.09091926185087;233.01177519048215;153.15024423082312;80.50535415678826;12.815858113360704;139.0651123388365;35.89043625405498;37.880424566810255;58.2038538200933;108.85335352160594;130.56254541720955;115.21615642959472;8.332685148192185;148.97006839587175;64.65457663443006;52.96470914805687;57.85919908346244;63.12573572226427;127.64861908123338;195.7892135255991;71.8909492637129;128.264616084627;88.45608014353387;29.50585844307228
61;112.65098043165077;132.17470335817805;60.608188738113505;123.84152699134144;98.01856182791357;55.89652827363656;119.71075524594382;25.302370357907865;56.61974683763924;118.9864661192904;225.62479987191844;165.0683661305361;122.14337794689538;60.370790009747374;201.92095570496966;50.364660084196544;176.4212141564727;163.97610310279012;139.7838069942807;68.847078508953;85.77430922555342;162.32517147731986;49.930351362875584;268.7814504298418;37.08804888434818;90.34428802887629;113.35971877334217;205.2697037444829;167.60452483694453;117.59549459576486;22.291859213497613;118.90351917801945;43.01841700513184;43.04110104353323;21.26932965507207;152.23721525879395;93.87812299146204;89.35722969689084;28.64646628907729;179.1523667541128;70.21842533165469;25.27256316522876;97.95662472777423;85.37079653528433;171.48547725098277;143.3990819579358;107.5327256327674;142.3858209994401;67.71915069081976;67.55216866933705
62;170.71010037205505;71.81204548076425;46.59214706335074;157.4864384612131;160.18453979140958;71.01578131126193;161.2416852644103;39.598239378144136;59.38759351492849;155.6263411311842;283.77102841123053;120.91502055994769;76.0376025650359;99.6595378099994;253.7631583515273;106.36944085767784;144.26433222573056;114.79756317016597;199.76182795902426;118.12165601608602;118.89217086836976;131.84006413574397;43.31313681116547;357.07610657167;70.53860744312054;49.67757631485118;49.86593173287637;260.06844288251654;130.17764527496192;63.63043136718688;29.553332155452694;159.2080554961356;46.47322024567475;48.46554032485119;77.61901552108509;103.17639607731589;138.71767991658348;146.0383132227066;28.53180301416308;126.87105462814866;71.42879839807163;68.12554264223586;43.11222479410559;47.74778466914134;108.49932385570489;196.59435175517052;61.821742281761125;107.80103491931881;113.69771862389418;13.404269540592988
63;83.0685298206447;204.26398959069067;134.8179262202051;151.40588927418233;31.276328250689197;63.69926378312632;122.53801170503402;82.64172026378701;71.99076275848311;136.0158770139682;163.29857057398058;229.14827818967612;181.13490077201308;25.81961360510787;188.09221491417736;81.28360412026733;244.5754551426357;230.5921818088136;138.61007662824747;17.090915891873415;117.64141931268851;193.64609880741847;137.68282368888867;263.51817177573975;113.69751125995734;164.55066228443533;174.00168413625758;180.88898210005922;233.97015761331505;159.27063571394982;98.42456534043923;139.0016725549009;77.35057466756386;90.33657797936407;55.73552285395971;169.9460078057871;111.82028962729096;112.39080031361937;92.09700429980293;228.42847379399657;157.22725263246423;57.423504826780245;149.6956896286303;150.66879420378936;246.16763003191744;136.82317654388942;172.61641206624554;185.19758817985743;112.82426362602287;131.91907590354415
64;93.784052533099;250.48268464171437;149.96315278950962;19.773969501404807;140.51597763081423;171.82776173743443;31.178667519585083;177.69593658761897;186.98984683337585;29.377575224506273;102.77182560541729;283.9608132340594;258.2084468594525;161.67595923520688;73.62396972854518;98.80311312582708;323.6320290467249;315.2596857230875;11.535929052758078;128.79120622392935;59.73246837281014;335.31875903364664;155.31423435431333;154.95841531981813;116.5676107545501;179.675313690785;253.52256442212678;107.76898475392116;283.88539890533895;242.71153994863894;169.15649518381866;27.67263395197471;164.2514398760992;166.31353627013638;138.63621826410554;291.3997158123207;41.546261910356414;49.715123417079745;174.67096599595664;325.9586938200965;156.90014400154186;142.08439726567698;255.96098576685333;236.65412406375967;271.3110371730494;50.22537572429554;226.2995953970166;267.2297418054389;77.0517932980721;181.53453585473318
65;180.68450570307482;74.10055207434296;47.61061732529859;167.83647851807592;154.40031024851245;74.37273747437081;169.89728727094644;38.061360540971236;60.706333274435124;176.33144227217971;253.80973813679324;111.73798490909444;65.26427897683077;102.20430942230362;242.95641622162964;107.42577972029703;135.10402901389426;126.91715977887735;177.20599188122168;120.07459906786376;137.68648268303292;117.31393539167803;48.59880306245414;348.7797630551102;73.85376640542917;45.38912177643916;51.24902787795811;276.1728831777998;120.81337800962976;65.97892541029852;32.643818297414924;152.8652733592016;44.279882289250175;39.47095994796857;70.82688190518454;102.36236783452888;139.31309109659483;142.24018260492227;25.45303936370788;134.72652540244871;79.3005199739994;66.74466858453928;48.63019361448387;52.181884556043634;118.90159915855709;183.16530517986138;51.522549277423614;103.55819776583749;117.01513766571418;13.325374697660319
66;52.64179061492368;294.70190055687;201.9302606342649;82.82248389756396;104.05301475129643;184.6612580761918;85.36645620437888;195.35472990685565;209.00161457080327;80.32846126996625;49.84546721022721;317.2076148671802;301.78990410653944;145.87832427096902;76.27812435169415;119.04984018126044;324.772163551107;347.18941872789713;67.81191834939857;107.56970320914823;114.3579671130629;309.54581762856253;195.55766449747708;132.15254878854773;145.13787504427498;217.03313385469704;243.78665793408518;50.29475867196917;339.44746269920427;275.20235092188517;187.26641005494753;67.88330748444467;184.1453732700474;208.67001969707346;157.85361628743476;273.5803511072715;74.88674770368038;101.88762690392946;168.15485017200044;300.1092930270287;191.5266056386058;153.0172030002319;245.35331302877262;268.4012516206818;292.37155327224417;24.442699723484015;260.7628369453705;329.54030459267096;135.87448468186201;202.39049341712663
67;90.32876821862703;188.27288551937318;100.59999657551488;51.02431269921774;109.09773459467482;118.91774173373824;37.40503024744107;102.08511222251146;134.06904840202196;39.25774444184421;166.19766456860236;218.9777099251249;189.11576756134954;109.76832145911804;143.8875544690754;34.756727540666425;274.52540144518787;270.5991597351257;65.9931015512025;106.33077483345986;1.9668849760525051;220.66981010308376;97.64379547103847;238.27157799971096;56.943354928907986;117.80613350732987;186.11264948940058;139.97041939208182;258.9682413170102;198.07115977149775;103.58996720307508;39.067864826984284;122.91623881969535;115.22655947711831;78.33032199777313;226.9702461101911;31.897514383799486;11.714674751756132;92.65024351989904;260.09126118758047;80.25168651263374;82.94357901978452;180.2865580081201;180.2181778587787;219.19769686834712;87.95515393966981;191.81200692429636;231.6949522679976;20.94139263572058;134.86946617081716
68;269.6420497479189;66.63043757040327;171.74471578337273;306.8076419940803;256.06504188082283;150.16251602971468;293.57895254482213;163.96509066414603;146.3312040074772;300.2425361647678;420.3296231845117;62.56347834399041;62.31558225778627;212.83116535040782;375.19589550977634;249.63984624189894;13.918876365750776;5.818205799604902;316.4313773405719;228.75433596965289;247.1818807437843;15.24469768307869;181.7885616062301;499.25388462858524;210.36065419297196;141.3136096361332;73.72223442714895;400.88353893889257;82.09391846497518;75.03284268273536;166.05317187538944;310.0417138900132;154.78128761149924;150.587710873378;195.25565708605743;38.474880111511105;287.20837117134215;287.19774787314674;167.66184904681145;22.022854347126376;187.7583156810732;203.03537755793565;83.51708597336996;95.38331293627395;70.26115810981912;325.40467540240974;75.11892105915452;35.88649538766799;239.61354398584209;130.4490307997425
69;38.42417864809201;223.98807307125642;145.26847239049107;43.608982639393204;82.27998605295596;133.8227263554638;38.93628337305622;133.27284294889807;152.3359252265596;51.11185774704563;97.07948394173204;307.07962497923205;229.85138468596557;105.44482761768741;102.08608915008492;63.00022983911667;323.627680950254;303.21943853713947;41.82089107891547;92.44891983081827;56.4679879193537;288.2152233555006;135.07207903946176;193.70682067230143;92.59051124592077;170.52065699620735;193.17694448394465;103.55516240970574;262.03496690349704;229.27706848824187;129.7412864230364;36.81481265321097;150.83698911753808;141.85270420098033;104.70275315145614;230.8002584323782;34.048376854139015;43.4693819397639;126.23937007254824;304.3755556950887;153.86577292022753;114.08075945653479;203.85602640216254;204.34315780680544;250.14021911181777;38.90308796032445;199.29695209577562;254.50635567342795;79.22436452666116;169.63546555059358
70;132.86843858097762;340.06727422591285;257.77752118175925;87.11398722346622;168.0670995378555;236.8662720386913;101.26621096154437;232.13850116910302;238.10822762075458;94.70097039282975;62.41346166959507;336.14087559535665;299.37862892385897;202.81059172137913;4.206921992190765;146.25472737199232;400.388849593989;352.8483234290426;67.15205975767287;178.01787487040718;128.249532469658;386.96563791047595;232.51261798951663;91.30370689566938;171.82140909408133;275.65485903187414;327.70117049021115;71.00296167736929;368.67013246071593;318.72855002408;235.53993265855112;87.15797225234196;252.29479949057608;271.0270940834185;215.33945944267364;355.10377296962656;119.26258148535858;122.69290974510788;255.54305867063377;359.62272974462763;214.61035967659726;206.66548381920018;297.56406684213266;291.4582171951982;360.6943110173011;64.85608160425431;291.5557211607019;400.306698710199;163.08028004074882;268.3124436596224
71;56.67882961102527;196.17202133797997;114.92629838978439;55.700765776470355;70.16931312148735;102.42959806220821;54.6146040878171;90.64582523782005;107.84101768088665;56.44985838197857;145.59262517664953;249.71528794235374;194.78789972323145;77.83866084413256;135.96300240154028;26.029658142273416;275.95465379348434;240.14413047435386;77.2201771338167;60.06212455593889;43.272259165189;238.69906233900167;111.31099185736612;237.68607769791814;60.17683675605868;146.78845196952742;164.18050373417543;125.41667250011862;265.68881301596053;161.37847877391312;95.17901767466343;51.664886424404884;116.16115445338525;119.27345503637859;60.73564657527011;213.31541719299867;38.98262195128103;41.45589628111013;94.70557183619265;242.81669147407675;116.19057197507993;74.99370735256831;181.53613727673016;175.9079965500801;227.43486001044167;84.70138304950612;167.86125744675047;221.38092508342007;53.64841734513973;132.3306975634741
72;186.87347290517604;412.153057143499;328.63992230285766;217.62832460835045;243.26116450622098;317.98682397311615;238.39791431772704;347.5001238217273;317.7042448526699;236.33403316265486;114.19850556785319;482.7366267210449;479.4312549780724;329.2164066231213;119.86495219495578;288.99472050438317;547.6240442195763;510.02506674061465;196.19052243287095;262.9115176484266;263.8921743442242;522.6484609661024;348.46733047309135;24.961092377870123;285.1282254443269;399.1151626708676;383.6152546265595;98.53686587160523;462.602387478165;391.40299083307883;321.5395259329325;211.5097792315082;363.8809517698874;366.30959986786723;297.1562824102249;447.0465234771598;233.9677429663839;246.79977581862244;331.3819883724245;534.6308034833374;347.2408972980416;283.7818100067048;389.32478546509736;433.7273015698107;429.98162344147926;169.74321086094656;403.22665976622187;473.10297443931387;297.16956936917535;339.07090412155213
73;210.8882504959507;41.65829513584756;106.02745556564811;215.6503090534673;162.24099517092674;94.41217366853125;220.39899831843678;80.02848489325913;73.6983584764212;218.46846306332904;314.0001039665811;100.80387379212635;23.09323944710745;123.87932361931357;316.3972782698689;151.87461781229197;79.9052743073624;73.34822090130801;253.35156630704532;153.70697805932517;189.76965617878778;69.25139436290192;100.32782950340676;431.99369728913604;134.99457318193998;82.98448716023083;15.914616603943138;290.98798442542846;111.38632481328084;9.660916059832246;77.72255125936829;229.6940650864571;69.81658976666398;64.55615781207152;104.61760226605672;46.234212375013136;203.706161216759;180.55412709880704;74.25412543589691;67.38795731962395;134.3176543775749;109.46091567446388;8.05204426222337;9.685196466993823;90.46328062074872;269.46523814528484;19.616279677584522;49.284172909843804;163.97568164560388;52.69894908709126
74;233.4314004322757;42.487235922139575;71.74813892557924;201.9703680339966;204.07584671447322;149.20679548270238;200.2663977906607;103.80375576620668;142.65184237943384;196.61039977746353;316.03194818936606;64.12119533361022;70.76779500553616;154.44122668745285;338.35668198569186;156.95694452057813;112.17247539938741;98.61984580262431;244.15342188076735;187.3108992780257;187.93177333784791;98.03301980650984;89.17079981174476;378.9657211721324;123.26600519671865;41.59328045787276;55.9274375348799;294.73037251467866;65.9507134569888;76.06501072003783;107.09571226289567;231.78339381952605;108.50001803220512;114.1842612554178;132.9327823343968;105.4918660333702;214.53806946821612;174.6815791540704;98.71875069036767;122.90617392543828;100.87810831907674;146.37947026280438;74.75310379446617;82.93231348902756;45.11411583300163;263.3997919729681;52.77195431312162;95.95879013477898;148.3341841881704;59.97383668611883
75;292.3404529140472;64.9360596105811;170.8883878963168;272.77628839180653;233.9957644418068;168.3329020991884;261.9250228136259;172.861892827494;140.9977362539329;266.2568621245512;409.96357636935807;63.83699535872575;55.155248376620534;197.0643462692241;394.32637807174655;211.26908928529176;17.94630400212419;6.120944340589192;312.65137698609425;241.66120384387935;274.5813857344567;17.55655247257175;164.917096644761;467.8166704452422;219.00291813414364;139.90208764524633;75.83578261084597;378.9786559142204;74.3805344639603;71.5532410710679;161.09726183985248;296.3070723808025;141.32068394263396;144.7209942263214;197.00676861598916;41.10270401061665;297.7623804722159;291.1354106795057;147.67374677972072;24.662331863922976;178.52847037626225;198.8890722255186;95.39731095931305;88.0975521464367;79.1530399745915;320.07125795331706;78.91527890866782;35.717576129998406;228.70534872626862;137.77624454618135
76;218.89427865242115;38.94123335591732;113.75124212488899;207.02680278106916;192.1953126315811;89.10627024249074;199.04243400537848;83.12167673194247;82.45953797113006;209.76343489231124;307.5425981101447;84.52056376343141;14.70815833248998;124.94535802882746;314.8367190868318;151.3365764333056;81.13012919623624;64.15199607717305;255.77738634919;165.48523158074465;197.23874092584896;68.12244322384353;105.8393587271569;363.2788975115912;131.93160474819777;86.00747466533227;13.304784164479486;341.162607070965;90.51080006179274;10.122691428395466;89.26591291416096;223.72343750363873;80.3590511066679;73.99195718347565;117.9651031166037;42.98010281926532;206.9887477969504;204.61751916174032;78.96010024049666;61.34210918326984;134.81503150953012;120.05312467108071;13.066966735557468;14.53957426996775;80.6679945511285;258.59800504232163;13.707378288170814;49.230404349681606;155.08796519191927;62.66094733986105
77;295.9098057023469;61.02306178532529;163.42217408998732;317.7101631620218;274.3089908516964;157.36329782978208;291.27686507144483;150.28353917682142;163.86428624557004;275.4813697863049;405.510437106291;74.62041330254564;58.89822292611943;201.4946543288035;357.9265836269983;231.10598181115384;8.12257668447227;11.637446088165024;323.63115476506294;221.2901477659505;274.44003587956803;16.04224776606413;178.98255061878334;516.1512425521719;213.2482759980132;135.03836992326612;90.72566401964363;418.7670439358183;84.88790316099755;80.32672785078641;171.91053580396166;317.6254237455124;145.38613032382224;149.98996336787738;201.6992284187845;44.88142935005637;265.5437967575098;249.85535676769484;145.15765870053878;18.897359733701858;205.85635198836223;169.89150946254068;96.22097093409403;84.62398722169631;78.04737631762103;340.04338949377996;82.46310421951827;37.94191680962882;258.9905004782841;121.97080042643294
78;55.97834501819487;287.2499691082844;205.4283444330413;68.50340001194043;105.16001097806308;185.67847973703837;77.13942844382305;192.52387404152324;211.58676864289976;70.51720707671578;58.34733962941723;338.92548657994774;291.48104676699285;150.04100583943844;56.115538925423884;120.18956833917636;335.30661812764566;348.45492575777297;47.6907222482058;125.82892981296904;100.01937379771026;327.32994103732256;173.33557233367563;123.8009975071328;155.0805447102498;242.7074169371102;269.49974201523884;52.902071246697346;351.39373401629894;280.698528819501;195.6756557683468;60.58200984514762;181.03741826726926;185.61645628972377;155.12068879426923;308.9799274023542;76.37004788320709;81.40493520309862;182.50983246375458;345.8360188526344;198.29551036269422;155.40835471817155;230.3496060732504;235.10558750266364;286.1585491871992;10.237283062111924;280.72847376166555;308.6854347037668;123.59681158864397;213.9926323726294
79;210.6115551903885;65.1900502705271;104.72313952791787;201.64347487720715;174.80254122870343;67.91270848272848;184.258729616834;68.17487127062265;64.18434119735159;202.1764715566963;330.07707298478687;111.99544042879374;33.89694716559338;106.25124786299261;288.6411173028156;146.40531548043904;87.34010520568528;93.81546255902217;227.1616926981714;155.04650173214884;187.8044482922854;75.246971822463;95.71981256665968;395.88686091331635;118.63213839620614;87.07557456055223;32.0722099012398;281.43540887043014;115.33486000086272;16.079620736980825;77.77820683044966;196.12731444439956;55.56039762420605;56.43235413180392;104.17755911872587;52.35415020759405;204.91703817329827;166.4018842864997;73.87612623065054;79.75709930371784;123.0798036153294;93.04064093258502;19.646346222579155;12.18240122460654;98.88716011220038;225.71739255210437;37.72949769265034;60.146159786285914;165.3411198569346;61.914131944631876
80;70.24910005959605;172.94019458287298;101.96888787426212;75.35458509953841;68.55578993235387;85.73304191326686;74.56836370842993;80.72205065177319;92.8702441030012;82.43109467282267;173.73219737886754;219.57169732293653;179.36243811276816;64.60768071344218;153.62065273665286;19.598499268814383;222.83305918882016;249.30462992598848;91.17668366776905;53.91425953996397;49.71910379231221;223.4924356731442;98.90369714275162;251.73103152699207;59.91992020169519;138.92395585861212;141.27405496384333;147.39963642197654;242.55983897597898;169.72623332537455;74.5986412278323;74.5711225079485;85.62228673368129;86.99476024931647;41.44745166545521;180.98915674281795;54.190616840527255;50.84062358490654;78.29367516106335;230.16538600982898;96.64327015729904;54.27967307558729;135.28479727971268;150.42091444661486;232.17100920960965;92.11641015005287;156.16190036769027;194.12454432983864;47.71440428939085;109.33453958222296
81;177.60027052640285;68.63958630840855;74.0370723629084;162.1869849492733;147.24864649477564;57.795790130033936;172.25280857378243;41.905597505128966;51.077533968153375;172.67970955554813;297.2239038049051;119.28296105482951;63.700364968225955;89.12598748417976;282.1075355221895;108.92085512907161;135.9091749287912;115.70424373981372;180.07574003350382;117.95481045078807;129.63006015451333;113.3792242854549;67.26687061124036;387.93615412653656;90.83912453145545;62.26485697993397;41.783044097038676;260.49243006558333;142.0508951594677;50.36686595939131;39.276851706154176;180.55176178614792;38.52959352504321;34.54515317732716;76.93733500643701;84.46604898510279;151.5166762234568;136.60225325983407;34.17645831846077;113.46670269768532;97.68764571421127;64.28495517579866;30.646693929105883;34.05608942126829;101.74144053665401;200.47615523158896;50.18130114004782;91.34976612744948;116.84000682831758;31.679741691545534
82;94.6518609841411;225.99434067275448;129.50195069780037;27.327012307463878;139.83843468290473;151.10056689788738;21.681443633962434;125.86513085076426;175.26856332665545;15.954993078014246;147.35499742740552;262.75253388023066;251.49680053096324;132.56002053758655;110.55522550625525;68.33917901380062;291.39253106773276;257.93678824048436;43.62728767829917;140.61404747817525;37.11111323777751;263.5162524542561;114.03952870186954;224.56185398191423;93.13377843075713;168.88249225789744;189.8009988008249;136.35751543189974;259.5768358715351;201.0440874370845;129.1132190915442;30.71599790875072;154.00055147337937;169.82916302693167;119.47750276498442;271.424158590298;32.504096569427674;28.34447320678151;138.45087245490882;258.9680468012832;110.61056389066465;118.99490858018252;182.85957798614555;199.2065933342928;270.90702656357246;84.26558238981688;207.3410679091711;277.66957253264565;51.557257665976195;163.22226165765437
83;177.61434233929813;102.57372397008294;20.975011819239498;154.6259032805789;197.76878694916803;131.21478062380837;160.4899994330914;88.4838826294099;115.84032015071357;141.32347533389085;275.5354693553428;136.90157029899103;109.22207411803504;143.89511868791826;239.61147695973645;117.71803190897674;185.02723982931107;144.43208809192458;166.5003676817955;165.94667720554415;124.14619827212677;164.12479764237497;35.10289627364578;343.4790951357813;72.8896277239378;25.259230162473607;87.49577988807783;281.9341189925456;123.95134371091714;114.17249442226766;68.23901524576291;150.18039605959046;111.63875784136768;93.46859334561456;100.01496510995275;151.23459813625834;130.1965844164392;130.63503769327085;67.69173584468639;167.97256051497166;27.948414988464776;104.15043457219072;101.0790975657227;95.33318492694791;112.65745363616062;208.60154388758698;88.52154093222558;169.5530671338632;87.06190539899772;51.51688342748484
84;244.95341931991067;42.361264562948804;144.20596713277635;275.8381121710473;210.84907774541887;133.87445890315848;272.47967600714145;137.72771591557563;119.71498861605149;265.68061435476125;355.0281531546406;78.85035273044129;27.067502916541088;171.51967123814742;367.18361995679936;221.5212041986672;35.01703832455259;30.477683574982468;308.24848936188414;197.55878867813396;239.94433831471258;20.06806965330446;132.3072491705063;405.58595191971466;164.89818181192086;114.16277742966007;51.68270418524586;350.92172030442094;86.22834906055144;44.527227178794085;143.27392816069906;270.8328257436439;108.93054626976668;111.85605379455373;154.15471848876112;8.02771886523264;232.08434346060255;223.79279265948145;127.3682560587355;23.709896275564937;180.66034783289214;140.216830826468;54.06802600781819;55.39740291818882;74.30724342309702;318.30633850606256;45.558628729120976;10.578270387420703;229.04557705853776;110.77927955214425
85;61.00174956273362;168.88449290000486;112.85926919765024;103.23055765676256;39.950742194758014;74.30276477539171;86.64883295419878;76.83354158235875;89.9574565003978;108.66387487450226;150.4647564725815;219.91928468136737;166.37565015922357;37.753204663125985;156.79019303477588;49.561199293791105;240.089338818334;234.26620159487234;101.0185613766943;25.222044215071133;73.67605510785982;202.74627763549492;110.74692645803843;235.78820620601184;77.92876231857292;133.44240262361294;163.90358057524486;167.78220465718346;246.63147596831695;145.4383472350332;84.22115608731794;85.31344007436647;74.09148895021107;86.84508436808551;37.590068595071855;178.86544384330404;77.43551919114581;72.25969936172717;92.03245672869198;225.19156719509454;124.1756343464558;47.1668329428667;154.6283070042984;149.00729733144973;217.62138027984383;110.68316081850578;179.71584366633937;182.94901692522603;87.07146332276912;116.51283242629762
86;18.354363609074674;266.00765553961355;190.83261426154024;104.04761730251619;38.92144096804983;118.71353312974148;91.1953354652402;139.50003504386936;146.8069282330679;103.24913269189474;117.35341640154374;323.5735189341655;254.27007462470368;90.8005168256963;122.34130529202012;88.81455025318166;290.72339669001616;280.6705555646921;103.19738759988465;58.6047819034621;93.37110423501588;303.8299944037658;181.218085695482;206.18258132267664;139.4008050718798;191.9942281624021;215.1590312787941;93.40903405105044;311.4845327128914;227.06554300279333;148.08143094088425;85.2051211056239;127.5117690882919;151.7508191395056;93.55872351817926;262.812858825352;94.4489145781458;103.61928787122044;136.3502908447488;302.9521002768223;187.37606118934374;103.82321471706081;195.55491187168263;215.59142738768995;279.3936488466863;70.98256956986151;202.99502869835166;278.3226761359341;123.57124878453608;190.22951865059892
87;178.58547322761362;80.48532989088663;74.24873287668414;187.503235061409;133.75612015141712;55.89778158757676;182.43455884614198;37.87823057189972;42.744287251525925;194.38040980098094;244.6659637085588;135.7277844580938;64.09594345407956;87.53603754086973;267.34920958434026;102.9156204119899;131.39294211448666;107.25398370976247;212.4784086075723;116.9860023640696;147.1071216727527;98.000892247733;72.55689384555482;372.31784841829153;98.99757538827873;70.62002971319747;43.190556715636326;276.3795431629071;128.41458241238607;43.70734447316945;46.914606756404964;166.94932683208535;34.185103265176025;30.613385405348875;71.4003088741899;79.05732979776018;176.6773148477377;138.12288633422344;41.64093555595632;111.35178158415489;107.74650335856501;59.08703529645998;32.52932523912048;31.47889502191905;116.11157508137974;224.5025347666805;53.98284745152814;99.52826551091015;120.21858102464931;43.03231370130371
88;114.12937748856825;195.55139812242174;81.8050218546169;67.88477163276761;132.45021503012518;130.28481734535512;58.90829151780636;106.72008460690898;141.4580503684015;64.73635056482311;203.7136416937722;217.82018637312228;166.0682455164335;113.61069971482968;152.8147552240196;47.36785513681;224.1062615647508;225.4390617321687;84.54022095835543;121.0899333478048;32.8079363218076;220.00257000294815;72.67790312002677;254.97852387150826;41.59086791841593;106.40241720708664;144.54974203916368;179.76528785097472;228.85730871835534;185.30336856631283;78.61348422397543;75.57702283575941;109.18444869216853;122.55717389568663;99.05550616829349;231.52542563121054;61.52412300164964;44.28090464936232;86.86840815963586;246.1131224547844;63.19076056039921;97.4754978553624;165.18999367386192;168.38469851822464;193.84518653077566;132.17310487500674;170.51150599312678;216.13346253901955;17.06984447603059;102.33948956050835
89;205.38928185298488;46.77381892995151;73.49783059626765;211.16448596084888;178.14904637233826;84.78416683428404;194.74545588297158;64.58056372939336;69.35577764289;204.01994131614182;319.04868611206325;90.92900706644072;42.34477741157865;111.27725433689676;268.941735465959;127.24364446114167;108.17863180518208;89.16649267773522;203.56943301917957;137.91857477002824;168.7549207821688;80.70673625330005;71.9504573193676;371.56305760953546;108.38010021179056;57.21970237713552;19.69452676217669;312.4680631036618;109.04433165595354;32.78352868692294;63.85978106751237;193.01843150430244;71.65899315499223;60.608167080927124;109.03007257806999;64.68448590747714;167.9983332129074;151.9538432074998;60.79603792919694;94.27457175158267;105.26081847731555;92.37982569211582;17.773227105888434;24.20726207288628;90.29963747468962;244.70889111531176;25.77940658921898;71.41372993243374;139.02963849737665;33.83174883621714
90;174.28848429286788;94.35715469726884;77.12306082705932;172.03011745899175;130.55236930411246;38.982281198035075;165.26619922552734;23.097622414042725;29.661545417452313;151.12796698619812;260.87920423608784;135.01772597133746;85.55204941927082;75.42751206100937;276.41823907040776;88.36352127071021;151.9908570885512;141.74418229652213;201.1948494902986;103.23013718360737;124.99294134518225;122.95856618768143;67.66316291829453;350.2749967712046;82.68438714603894;71.53207555570428;59.00885772697097;262.6811025129883;149.96291878717054;58.62727953514923;32.200491259362686;172.8161720954018;18.04713180510451;15.657658200163043;56.21502553232641;100.56866137526066;138.42873783944668;129.4413580189607;26.59849142367259;135.72170394631434;94.65319977694226;51.45959790640105;53.64392911536381;52.97743490320877;140.1240201524781;176.25968279034777;65.20686545234098;103.94879309577372;102.36297124280503;41.886886823467016
91;245.16683591719277;44.09588467815962;131.60244603038956;232.6977885998542;213.53371442549056;109.01624626660926;229.09708063337212;108.71769599370546;91.016506161496;259.84497851937664;341.3796579408721;88.39325079473974;17.30521679568612;135.52605891017993;350.8225519167558;184.65159424028525;65.3468664621924;59.988737239528525;276.73281123190947;187.84445790650892;206.72841862318535;44.130719313177835;122.04778262523182;414.6419220451542;142.28173785643347;97.28344409456038;37.96532186835982;324.93155660463265;112.29629594177413;19.25225088376193;114.00279903744642;225.91718322878455;92.30115885552101;85.80197167328267;137.89569468478112;22.63717354379066;238.50729832310756;195.26504801023552;92.8963303245935;49.06844993617837;148.08461826945265;134.2550194808817;35.767756013957644;33.13485698178971;95.80498840247917;249.88141251242305;33.11980871408769;31.84586677669535;182.90249290190687;91.82003094171313
92;121.57606092167084;358.9435249107381;319.41332786496685;176.31525928948668;166.5018510870063;261.7112870676692;170.8992118407987;250.38766279189062;266.2502392006625;174.03784650615796;52.32658942211296;460.8296411807746;373.72536056075177;232.99754431699802;121.14787086890132;212.46136048057153;396.01161861639685;434.6198825556589;145.43705980601743;179.21462482512732;191.52516229475614;366.04770479677086;289.1236268728629;102.54353585936788;225.54998985151283;348.7428498252101;325.9512419886246;49.030337430787206;396.92035699897224;340.8071827723878;260.25760236961344;155.55516502814518;264.1906447177829;255.08067805134073;211.61697412207718;389.9602190460396;179.02717902101764;179.25181424809708;246.10095232770033;440.1574893503112;294.8625903704143;241.02409468859125;326.1296798707782;324.2406516946461;411.0484376223368;101.75260371483719;361.09792543601236;409.7887533344538;236.03491137179444;321.80980383337686
93;74.80750582191209;285.31729929432174;185.24963362301546;33.04249526807677;126.64227338670322;193.84967213328193;45.99399538163425;163.01002800907216;193.3484095390816;43.31913645146948;91.04898638185895;285.28939955699633;296.9522323925671;143.473588616746;57.72144820557676;88.65311134351734;314.76076841413703;295.72606061186366;17.06757747010397;120.96478237886016;69.32580795545383;345.3982960815208;185.8075135259308;152.24722746370347;122.19019892707257;214.6182120410151;234.23927842874843;81.18452382419997;338.7329276420746;233.66394342698214;176.70424462238825;35.65829721939464;186.54404112639418;200.38115381021998;141.69458125431646;272.75688867624524;51.17467850643671;70.58945759769331;160.04370463974712;290.43500850342053;171.227871162118;144.50222495913786;217.82150059905615;232.73549713197292;319.1980695006696;29.22900091251356;248.7454108397819;282.46766701271514;90.3242471862257;222.24517599066445
94;165.47384354634372;103.37049707275828;59.54155812390788;169.27218860657507;124.8084107152769;49.30227902031153;135.61996857460966;15.729650806861038;50.04918098564324;144.15323868100018;224.29452644213222;156.56010711623816;87.58726222813102;79.50011500426191;229.0596639270865;85.08629720162156;158.27822332719072;133.88559849184185;158.47072453991814;93.94039320973759;103.06804060817701;129.91890663524518;46.15680129995263;335.03276440514776;57.30301279360555;59.39069709673647;67.33877316643274;221.7691762802529;156.34869428050513;73.28255568624893;16.27298694737441;163.11239299598085;33.47401405658601;28.887462168531528;49.33772707220685;116.57371141120323;129.2179015164354;120.42973866882826;10.516072953442906;139.65326682228797;76.17622040765528;49.082110311861186;63.354512094975306;59.87509213197624;131.39036049109208;183.39808972176183;77.58155688508673;121.32440645044765;101.254674535385;32.9990154948237
95;160.25745712750748;100.97918070116582;75.26969874029403;173.54876595000354;114.0279571081112;33.29378156289553;145.7093745245228;19.678893398984325;28.15205328556492;159.00204806109326;271.52614009923917;150.7447723784666;77.61320981467328;67.09873455039407;249.61486502908983;88.2417602210252;161.90821332857112;129.77491661538397;188.91330274783294;89.58029499416682;112.10895936778914;139.24743218957772;72.57334826415315;343.6514523524008;81.25733835284645;74.65136765602799;72.71457494612528;246.57786709352567;152.01515022029687;68.16974496237265;30.958220431808897;169.52289152657644;12.141892440094246;8.830213674414521;44.72935807191104;116.79632389967246;145.28893297810131;139.92930548040886;27.13351689804575;122.00234007458224;89.66632778055876;44.69299294346507;60.89554030671317;60.11712338447642;133.28890049411376;172.416013594737;82.53455312190653;108.56297481429053;102.0029826898594;47.20199090429676
96;97.47129414052937;193.49536109037783;91.4745848205086;48.585459090915855;109.9433193418688;123.29944008955317;43.32589515323106;108.7447653144298;138.84788761383444;46.051654800766606;154.4511814776191;246.6988956128607;184.66547719766754;103.07894597967469;129.06187258242585;33.68194260209427;274.6057440014067;230.57772002788255;68.38360770355206;110.72408435179598;11.611834963010173;262.4135206205829;89.46201176068278;244.99210737781806;43.17962227263859;116.57281156481683;169.24155522854682;158.10571309898754;225.08442564737373;163.47177699311027;95.47928985913418;49.0303975227595;126.78908474419234;130.12927801774023;82.00475348779781;223.17393499994668;36.64516880323166;21.19350455068674;91.79839507244128;254.79575795441463;78.9737092013893;92.3121671636082;155.97844075756456;173.04125948599759;219.57062580753058;106.68706674836902;184.4676217651314;245.45687565927787;12.692491642578057;131.0395542203677
97;97.57930762986538;166.40772903321727;61.20587581101748;92.50511788671562;105.631583692878;83.60728167843972;80.12882456978784;57.28270049500202;92.21797963272655;91.96742256320246;198.6783870374355;183.46139844749788;136.58932586034226;78.09032888776083;183.18373859121613;28.167984660046958;201.70113447579746;215.7913268129697;109.93707718703571;88.26031953889768;45.28994665556833;203.59925992506004;57.0647720997478;279.91330492629515;16.478305481660705;91.06722354252122;117.75942178594664;174.14643543232768;190.5324752607246;129.87746052676934;46.89015643812185;78.16642007788887;76.04039540949013;79.87558338899808;43.85179652488417;173.01065795045767;69.53600905176732;60.362711221642655;50.90016806247126;200.14354271593402;60.94855946593717;52.02006646755638;116.29307659769677;120.71182487813748;184.48791918307177;136.12694684634516;140.49477451941593;189.6934855968305;34.205892195776684;76.98017680277943
98;240.7722701259;32.65281185985469;103.44717621906618;223.400529157758;178.74864130153523;88.44586274254604;205.58303905858736;81.51089719920873;94.22653299522875;212.18918805008562;338.540237341772;74.9373183199569;18.3958650085862;129.19320677769142;301.7069975819217;157.979616205933;82.21665701986764;62.50895320298746;234.99205598219078;151.88627561344376;172.8908552446639;60.898611788947015;87.9396651731855;421.87657105441946;131.04634274818534;78.79815037497322;5.994460533241111;335.3233850137388;97.1945688515381;16.797746388736815;86.98082802613807;231.09740704104522;83.75277900609893;74.90280203980966;112.38342086139488;50.82426598144354;200.98204012226435;180.54540826233253;87.80861031638801;65.9383430616716;108.83941371214114;120.93487720487138;15.190815232773765;18.402495453340258;72.50480028845097;273.1621105668815;7.169053090252902;55.401642292199575;158.9256430890252;58.203721937474235
99;64.57943426317017;241.43782087179036;125.62495010069408;32.11266289371802;84.33662992925673;143.5735602519627;22.565121185602692;111.9467547423689;151.17973496542862;27.9880451268123;115.57824992787451;260.4874097068976;201.24359801061973;118.3067374058058;98.71560202152952;50.14688777343876;279.33452726850174;265.60695822077963;37.86283026884896;101.59987176301249;31.454576730542286;265.98338857767527;133.3293617675165;183.03545665692954;84.90935581581557;158.525974488518;215.81124398665443;132.13707267432136;290.2473330319042;188.68578108979173;117.9715564666182;19.483712775958857;122.07334678666527;135.70519726273457;84.15678865158121;241.1756911160778;11.298747661896906;24.901620150102953;131.17601732415122;257.3541113161108;115.69196415328058;92.8136847523177;185.8880773814848;203.50451748628322;266.0662760849756;55.65468165812901;185.66316148660368;245.28847280002475;56.71951366127425;141.57265539543994
